director,mean_gross,mean_budget,number_of_movies,profit_ratio
"Aaron Blaise,Robert Walker",85329248,1.28e+08,2,0.66663475
Aaron Harvey,1887,7e+06,1,0.000269571428571429
Aaron J. Wiederspahn,23054,1e+06,1,0.023054
Aaron Russo,61200,1e+06,1,0.0612
Aaron Schneider,9176553,7500000,1,1.2235404
"Aaron Seltzer,Jason Friedberg",48546578,2e+07,2,2.4273289
Aaron Woodley,15979,4e+06,1,0.00399475
Abe Sylvia,53630,4e+06,2,0.0134075
Adam McKay,90842873.8,62800000,5,1.44654257643312
Adam Rapp,101228,3500000,2,0.0289222857142857
Adam Rodgers,49953,2500000,1,0.0199812
Adam Shankman,89503615.8333333,56500000,6,1.58413479351032
Adam Sherman,6106,1e+07,2,0.0006106
Adam Wingard,12423712,2333333.33333333,4,5.32444800000001
Adrian Lyne,52752475,5e+07,1,1.0550495
Adrienne Shelly,19067631,2e+06,1,9.5338155
Agnieszka Holland,352786,1.1e+07,1,0.0320714545454545
Agnieszka Wojtowicz-Vosloo,108229,4500000,1,0.0240508888888889
Akiva Goldsman,22451,6e+07,1,0.000374183333333333
Akiva Schaffer,24135647,6.8e+07,2,0.354935985294118
Alan Parker,16316200,37500000,2,0.435098666666667
Alan Poul,37481242,3.5e+07,1,1.07089262857143
Alan Taylor,206360018,1.7e+08,1,1.21388245882353
Albert Brooks,887416,1e+07,1,0.0887416
"Albert Hughes,Allen Hughes",52673107.6666667,5e+07,3,1.05346215333333
Alejandro Agresti,52320979,4e+07,1,1.308024475
Alejandro Amenábar,96471845,1.7e+07,1,5.67481441176471
Alejandro G. Iñárritu,31796485.25,2.2e+07,4,1.44529478409091
Alejandro Monteverde,8108247,3300000,2,2.45704454545455
Alex Gibney,523534.5,1e+06,5,0.5235345
Alex Holdridge,172177,25000,1,6.88708
Alex Kendrick,28167646,1150000,4,24.4936052173913
Alex Kurtzman,12412386,1.6e+07,1,0.775774125
Alex Proyas,112371731.5,8.5e+07,2,1.32202037058824
Alex Rivera,75727,2500000,3,0.0302908
"Alex Smith,Andrew J. Smith",13134,5e+05,1,0.026268
Alexander Bulkley,44785,1e+06,2,0.044785
Alexander Payne,56164875.1666667,17666666.6666667,6,3.17914387735849
Alexander Witt,50740078,4.5e+07,1,1.12755728888889
Alexandre Aja,12583776,2.4e+07,2,0.524324
Alexis Lloyd,14686,1e+06,1,0.014686
Alfonso Cuarón,186243368.666667,1.02e+08,3,1.82591537908497
Alfredo Rodriguez de Villa,7502429,6e+06,5,1.25040483333333
Alister Grierson,23070045,3e+07,1,0.7690015
Allen Wolf,28841,1e+06,1,0.028841
Amy Heckerling,5156651.33333333,17333333.3333333,3,0.297499115384616
Anand Tucker,12561,1.9e+07,1,0.000661105263157895
Anders Anderson,7306,2e+06,2,0.003653
Andrew Adamson,148606577.666667,202500000,3,0.733859642798356
"Andrew Adamson,Kelly Asbury",436471036,1.5e+08,1,2.90980690666667
"Andrew Adamson,Vicky Jenson",267652016,6e+07,1,4.46086693333333
Andrew Davis,54119291.3333333,58333333.3333333,3,0.92775928
Andrew Dominik,9421776,22500000,2,0.4187456
"Andrew Erwin,Jon Erwin",7047133.66666667,5e+06,3,1.40942673333333
Andrew Fleming,12729736.25,18750000,4,0.678919266666667
Andrew Niccol,19659316.2,43333333.3333333,5,0.453676527692308
Andrew Stanton,148432784,221850000,2,0.669068217263917
"Andrew Stanton,Lee Unkrich",380838870,9.4e+07,1,4.05147734042553
"Andrew Wilson,Luke Wilson",127144,8e+06,1,0.015893
Andrzej Bartkowiak,35821900,33200000,5,1.07897289156627
Andy Cadiff,12189514,2.3e+07,1,0.529978869565217
Andy Cheng,6877133,2.6e+07,1,0.264505115384615
Andy Fickman,58879108.4,30400000,5,1.93681277631579
Andy Garcia,2483955,9600000,2,0.2587453125
Andy Tennant,104953522,6e+07,3,1.74922536666667
Ang Lee,86892122.25,75250000,4,1.15471258803987
Angela Robinson,33049398.5,17840000,3,1.85254475896861
Angelina Jolie Pitt,57952642.5,26166666.6666667,3,2.21475066878981
"Anna Boden,Ryan Fleck",3715990,8e+06,4,0.46449875
Anne Fletcher,85780846.5,30500000,4,2.8124867704918
Annette Haywood-Carter,36746,5e+06,1,0.0073492
"Anthony Bell,Ben Gluck",25077977,2e+07,1,1.25389885
Anthony Burns,11108,3e+06,3,0.00370266666666667
Anthony Hemingway,49875589,5.8e+07,1,0.859923948275862
Anthony Leondis,19528188,2.5e+07,1,0.78112752
Anthony Minghella,48280787,7.9e+07,2,0.611149202531646
"Anthony Russo,Joe Russo",111895084.666667,78666666.6666667,3,1.4223951440678
Antoine Fuqua,52608636,56875000,9,0.924987006593407
Anton Corbijn,26416735.5,17500000,4,1.50952774285714
Arie Posin,49526,6800000,1,0.00728323529411765
Ariel Vromen,1939441,7500000,2,0.258592133333333
Armand Mastroianni,1036886,1e+07,1,0.1036886
Asger Leth,18600911,4.2e+07,1,0.442878833333333
Atom Egoyan,3074838,1.1e+07,2,0.279530727272727
Audrey Wells,43601508,1.8e+07,1,2.422306
Austin Chick,11762,3400000,1,0.00345941176470588
Ava DuVernay,26072015,6750000,3,3.86252074074074
Baltasar Kormákur,47355251.6666667,3.2e+07,3,1.47985161458333
Barbet Schroeder,31874869,5e+07,1,0.63749738
Barry Jenkins,110869,13000,1,8.52838461538462
Barry Levinson,12697026.75,20200000,5,0.628565680693069
Barry Sonnenfeld,112025995,117500000,4,0.953412723404255
Bart Freundlich,6110133,9666666.66666667,4,0.632082724137931
Baz Luhrmann,101099582.5,78750000,2,1.28380422222222
Ben Affleck,96128087.25,36250000,4,2.65180930344828
Ben Coccio,7221,20000,1,0.36105
Ben Falcone,84518155,2e+07,1,4.22590775
Ben Lewin,5997134,1e+06,1,5.997134
Ben Stassen,14532946,2.5e+07,1,0.58131784
Ben Stiller,84322911,9.1e+07,2,0.926625395604396
Ben Younger,19833102,8e+06,2,2.47913775
Benh Zeitlin,12784397,1800000,1,7.10244277777778
Bennett Miller,38816454,2.7e+07,3,1.43764644444444
Benny Boom,10017041,5500000,2,1.82128018181818
Bent Hamer,808221,1e+06,2,0.808221
Bette Gordon,22878,1e+06,2,0.022878
Betty Thomas,99219525,45333333.3333333,3,2.18866599264706
"Bibo Bergeron,Don Paul",50802661,9.5e+07,1,0.534764852631579
"Bibo Bergeron,Vicky Jenson",160762022,7.5e+07,1,2.14349362666667
"Bill Boyce,John Stronach",938232,1e+07,1,0.0938232
Bill Condon,138076414.2,67800000,5,2.03652528318584
Bill Duke,10572742,8e+06,1,1.32159275
Bille Woodruff,28534595,18333333.3333333,4,1.55643245454546
Billy Bob Thornton,7770750.5,5.7e+07,2,0.136328956140351
Billy Ray,12458263.3333333,6e+06,3,2.07637722222222
Blair Hayes,5002310,1.3e+07,1,0.384793076923077
Blair Treu,405182,2500000,1,0.1620728
Bo Welch,100446895,1.09e+08,1,0.921531146788991
Boaz Yakin,56563598,26666666.6666667,3,2.121134925
Bob Clark,9109322,2e+07,1,0.4554661
Bob Dolman,21664518.5,1e+07,2,2.16645185
Bob Odenkirk,2757370.5,1e+07,2,0.27573705
"Bobby Farrelly,Peter Farrelly",49708126.2,4.8e+07,10,1.0355859625
Brad Anderson,10595849.8,8625000,6,1.22850432463768
Brad Bird,235401249.5,118500000,2,1.98650843459916
Brad Furman,57981889,26933333.3333333,3,2.15279290841584
Brad Gann,6900,3e+06,1,0.0023
Brad Peyton,73693978.5,8.2e+07,2,0.898707054878049
Brad Silberling,43732896.25,8.7e+07,4,0.502676968390805
Brandon Camp,22927390,1.8e+07,2,1.27374388888889
Breck Eisner,39103378,2e+07,1,1.9551689
"Brendan Malloy,Emmett Malloy",13903262,1.1e+07,1,1.26393290909091
Brett Ratner,118533840.5,101375000,8,1.16926106535142
Brian Baugh,3773863,1e+06,2,3.773863
Brian De Palma,11291706,27500000,2,0.410607490909091
Brian Hecker,53760,2e+06,1,0.02688
Brian Helgeland,52915018.6666667,47666666.6666667,3,1.11010528671329
"Brian Klugman,Lee Sternthal",11434867,6e+06,1,1.90581116666667
"Brian Koppelman,David Levien",7996484,1.5e+07,2,0.533098933333333
Brian Levant,55738101.5,38750000,5,1.43840261935484
Brian Percival,21483154,1.9e+07,2,1.13069231578947
Brian Robbins,52361563,48500000,6,1.0796198556701
Brooks Branch,28943,2500000,1,0.0115772
Bruce Beresford,539896,2.5e+07,3,0.02159584
Bruce Campbell,173066,1500000,2,0.115377333333333
Bruce Hendricks,42220854.5,7e+06,2,6.03155064285714
Bruce Hunt,14888028,3e+07,1,0.4962676
Bruce McCulloch,13973532,2.5e+07,1,0.55894128
Bruce Paltrow,4734235,1.5e+07,1,0.315615666666667
Bruce Robinson,13100042,4.5e+07,2,0.291112044444444
Bruno Barreto,15589458,3e+07,1,0.5196486
Bryan Barber,12549485,1.5e+07,1,0.836632333333333
Bryan Bertino,52534295,1e+07,2,5.2534295
Bryan Gunnar Cole,13800,2e+06,1,0.0069
Bryan Singer,159080370.166667,1.44e+08,6,1.10472479282408
Burr Steers,47643393.5,3.2e+07,2,1.488856046875
"Byron Howard,Chris Williams",114053579,1.5e+08,1,0.760357193333333
C. Jay Cox,557271.666666667,733333.333333333,3,0.75991590909091
Cal Brunker,57011847,4e+07,1,1.425296175
Callie Khouri,45127693.5,24500000,2,1.84194667346939
Cam Archer,9089,83833.3333333333,3,0.108417495029821
Cameron Crowe,33859360,58500000,4,0.578792478632479
"Carl Deal,Tia Lessin",519981,9e+05,1,0.577756666666667
Carl Franklin,41117920.3333333,47333333.3333333,3,0.868688457746479
Carl Rinsch,38297305,1.75e+08,2,0.218841742857143
Carlos Saldanha,156828055.333333,9.1e+07,3,1.72338522344322
"Carlos Saldanha,Mike Thurmeier",196573705,9e+07,1,2.18415227777778
Carroll Ballard,860002,1.2e+07,1,0.0716668333333333
Carter Smith,17427926,8e+06,2,2.17849075
Casper Andreas,20398.5,125000,7,0.163188
Catherine Hardwicke,56465619.8,27100000,5,2.08360220664207
"Cathy Malkasian,Jeff McGrath",39880476,2.5e+07,1,1.59521904
"Chad Stahelski,David Leitch",42996986,2e+07,1,2.1498493
Chan-wook Park,1702277,1.2e+07,2,0.141856416666667
Charles Ferguson,2871009.5,2e+06,2,1.43550475
Charles Herman-Wurmfeld,3732789,925000,4,4.03544756756757
Charles Martin Smith,57149586.5,36500000,2,1.56574209589041
Charles Robert Carner,4131640,7500000,1,0.550885333333333
Charles Shyer,13395939,6e+07,1,0.22326565
Charles Stone III,39099232,2.5e+07,2,1.56396928
Charlie Kaufman,3081925,2.1e+07,1,0.146758333333333
Charlie McDowell,511635,1e+05,1,5.11635
"Chris Buck,Jennifer Lee",400736600,1.5e+08,2,2.67157733333333
"Chris Butler,Sam Fell",55994557,6e+07,1,0.933242616666667
Chris Carter,20981633,3e+07,1,0.699387766666667
Chris Columbus,142432335.4,75600000,5,1.8840256005291
Chris Eska,74494,35000,1,2.1284
Chris Fisher,181,4e+06,2,4.525e-05
Chris Gorak,10745803.5,3e+07,4,0.35819345
Chris Kentis,30500882,5e+05,2,61.001764
Chris Mason Johnson,16812.6666666667,250000,3,0.0672506666666668
Chris Miller,149234747,1.3e+08,2,1.14795959230769
"Chris Miller,Raman Hui",320706665,1.6e+08,1,2.00441665625
Chris Paine,1677838,1e+06,1,1.677838
"Chris Renaud,Kyle Balda",213949505,7e+07,1,3.0564215
Chris Rock,25205343.6666667,23600000,3,1.06802303672317
Chris Sivertson,7233485,1.2e+07,1,0.602790416666667
Chris Stokes,40066497,8e+06,1,5.008312125
Chris Wedge,107515297,1e+08,1,1.07515297
"Chris Wedge,Carlos Saldanha",128200012,7.5e+07,1,1.70933349333333
Chris Weitz,122820490.666667,8e+07,3,1.53525613333334
"Chris Weitz,Paul Weitz",64172251,3e+07,1,2.13907503333333
Christian Alvart,13248477,2.7e+07,1,0.490684333333333
Christian Duguay,30199105,22666666.6666667,3,1.33231345588235
Christian E. Christiansen,18652173,11500000,2,1.62192808695652
Christine Jeffs,12055108,8e+06,1,1.5068885
Christopher Guest,12081637,9e+06,2,1.34240411111111
Christopher Landon,32453345,5e+06,3,6.490669
Christopher McQuarrie,43040749.5,34250000,2,1.2566642189781
Christopher Nolan,226653447,125625000,8,1.80420654328358
Christopher Spencer,59696176,2.2e+07,1,2.71346254545455
Chuck Russell,59857924,5e+07,2,1.19715848
Chuck Workman,15528,813505,1,0.0190877745066103
Ciarán Foy,27736779,1e+07,1,2.7736779
Clare Kilner,14108518,1.2e+07,3,1.17570983333333
Clark Gregg,2926565,3e+06,1,0.975521666666667
Clark Johnson,76461288,7e+07,2,1.09230411428571
Clint Eastwood,85391645.5,50566666.6666667,12,1.68869437376401
"Cody Cameron,Kris Pearn",119793567,7.8e+07,2,1.53581496153846
"Colin Strause,Greg Strause",31584245.5,2.5e+07,2,1.26336982
Colin Trevorrow,4007792,750000,1,5.34372266666667
Corey Yuen,480314,2.1e+07,1,0.0228720952380952
"Cory Edwards,Todd Edwards",51053787,17500000,2,2.91735925714286
Courtney Hunt,2508841,1e+06,1,2.508841
Courtney Solomon,15927111,24333333.3333333,3,0.654538808219179
Craig Brewer,41920903.3333333,18666666.6666667,3,2.24576267857142
Craig Gillespie,20232100.3333333,22333333.3333333,3,0.905914940298507
"Craig Gillespie,David Dobkin",25769067,2.2e+07,1,1.17132122727273
Craig M. Saavedra,9626,650000,1,0.0148092307692308
Craig Mazin,25871834,3.5e+07,1,0.739195257142857
Craig McCracken,11411644,1.1e+07,1,1.03742218181818
Craig Zobel,152899.666666667,270000,3,0.566295061728396
Curtis Hanson,36100938.4,51500000,5,0.700989095145631
D.J. Caruso,48745987.8333333,35571428.5714286,7,1.37036913587684
Dagur Kári,19959,3800000,2,0.00525236842105263
Daisy von Scherler Mayer,3034181,1.1e+07,1,0.275834636363636
Damien Chazelle,13092000,3300000,1,3.96727272727273
Damien Dante Wayans,25615792,2.5e+07,1,1.02463168
"Dan Cutforth,Jane Lipsitz",25240988,1.2e+07,1,2.10341566666667
Dan Gildark,15213,750000,1,0.020284
Dan Gilroy,32279955,8500000,1,3.79764176470588
Dan Harris,228524,4e+06,1,0.057131
Dan Scanlon,268488329,2e+08,1,1.342441645
Dana Adam Shapiro,20202,5e+06,1,0.0040404
Daniel Adams,184149,6833333.33333333,3,0.0269486341463415
Daniel Algrant,121972,2.2e+07,2,0.00554418181818182
Daniel Barnz,10506308.3333333,13666666.6666667,6,0.768754268292679
Daniel Espinosa,63677895,67500000,2,0.943376222222222
Daniel Myrick,95,2900000,3,3.27586206896552e-05
Daniel Sackheim,17951431,3e+07,1,0.598381033333333
Daniel Schechter,261695,1.2e+07,2,0.0218079166666667
Daniel Stamm,20499594.5,2900000,2,7.06882568965517
Daniel Waters,23563,5e+06,1,0.0047126
Danny Boyle,16486358,26500000,5,0.622126716981132
Danny Cannon,4280577,1e+07,1,0.4280577
Danny DeVito,9003907.5,47500000,2,0.189555947368421
Danny Leiner,9187618,4750000,4,1.93423536842105
"Danny Pang,Oxide Chun Pang",25327256.5,2.8e+07,2,0.904544875
Darnell Martin,8134217,1.2e+07,1,0.677851416666667
Darren Aronofsky,45722432.3333333,31583333.3333333,6,1.44767595778364
Darren Grant,50382128,5500000,1,9.16038690909091
Darren Lynn Bousman,140244,10166666.6666667,4,0.0137944918032786
"Dave Borthwick,Jean Duval",7382993,2e+07,1,0.36914965
Dave Filoni,35154336,8500000,1,4.13580423529412
Dave Green,38916903,1.3e+07,1,2.99360792307692
Dave McKean,864959,4e+06,1,0.21623975
Dave Meyers,16366370,1e+07,1,1.636637
David Anspaugh,375474,15500000,2,0.0242241290322581
David Atkins,2025238,6e+06,2,0.337539666666667
David Ayer,40901433.5,32500000,4,1.25850564615385
David Bowers,40413962.6666667,3.6e+07,3,1.12261007407407
"David Bowers,Sam Fell",64459316,1.49e+08,1,0.432612859060403
David Brooks,2034,3e+06,2,0.000678
"David Bruckner,Dan Bush",597420,50000,1,11.9484
David Chase,607327,2e+07,1,0.03036635
David Cronenberg,16318770.6666667,23500000,3,0.694415773049647
David DeCoteau,1529,1e+06,1,0.001529
David Dobkin,91340041.25,47333333.3333333,4,1.92971918133803
David Duchovny,371081,6e+06,2,0.0618468333333333
David Fincher,103836101.333333,75666666.6666667,6,1.37228327753303
David Frankel,116612985.666667,5e+07,3,2.33225971333334
David G. Evans,2428241,2e+05,2,12.141205
David Gelb,25799043,3300000,1,7.81789181818182
David Gordon Green,17644695.25,17480000,8,1.00942192505721
David Koepp,27090288,31666666.6666667,3,0.855482778947367
David L. Cunningham,8791738,29500000,2,0.298025016949153
David Lynch,7219578,1.5e+07,2,0.4813052
David M. Evans,1158779,5e+06,3,0.2317558
David Mamet,3605653.6,20125000,5,0.179162911801242
David McNally,63760630.5,52500000,2,1.2144882
"David Moreau,Xavier Palud",31397498,1.2e+07,1,2.61645816666667
"David Nixon,Patrick Doughtie",2848578,3500000,1,0.813879428571429
David O. Russell,92148222.2857143,27857142.8571429,7,3.3078849025641
David Oliveras,5343,1200000,1,0.0044525
"David Palmer,Dax Shepard",13746550,2e+06,1,6.873275
David R. Ellis,26437400.5,2.9e+07,2,0.9116345
David Raynr,8735529,1.5e+07,1,0.5823686
David S. Goyer,38534624.3333333,3.7e+07,3,1.04147633333333
David Silverman,183132370,7.5e+07,2,2.44176493333333
David Sington,1134049,2e+06,1,0.5670245
David Slade,113700023.666667,33650000,3,3.37890114908371
David Soren,83024900,1.35e+08,1,0.614999259259259
David Twohy,25922125.1666667,4.5e+07,6,0.576047225925927
David Von Ancken,413877,1.8e+07,1,0.0229931666666667
David Wain,28340423.1666667,16562500,6,1.71111988930818
David Yates,322645639.666667,137500000,3,2.34651374303031
David Zucker,62791798.8,32800000,5,1.9143841097561
Davis Guggenheim,7088733.66666667,16500000,7,0.429620222222222
Dean DeBlois,176997107,1.45e+08,1,1.22066970344828
"Dean DeBlois,Chris Sanders",181579762,122500000,2,1.48228377142857
Dean Israelite,22331028,1.2e+07,1,1.860919
Dean Parisot,53215979,8.4e+07,1,0.63352355952381
Deb Hagan,4693919,6500000,1,0.722141384615385
Deborah Kampmeier,128092,3750000,2,0.0341578666666667
Debra Granik,6531491,2e+06,1,3.2657455
Demian Lichtenstein,15738632,4.2e+07,1,0.374729333333333
Denis Villeneuve,60962878,4.6e+07,1,1.32527995652174
Dennie Gordon,25698854.6666667,22566666.6666667,3,1.13879710487445
Dennis Dugan,96358313,73600000,6,1.30921620923913
Dennis Iliadis,32721635,1.5e+07,1,2.18144233333333
Dennis Lee,36884,8e+06,1,0.0046105
Denzel Washington,25652144.5,13750000,2,1.86561050909091
Deon Taylor,143000,3500000,2,0.0408571428571429
Derek Cianfrance,15542428.5,9250000,2,1.68026254054054
Dermot Mulroney,1378,1200000,1,0.00114833333333333
Derrick Borte,1474508,5e+06,2,0.2949016
Des McAnuff,26000610,7.6e+07,1,0.342113289473684
"Diane Crespo,Stefan C. Schaefer",16506,120000,1,0.13755
Diane English,26896744,16500000,1,1.6301056969697
Diane Keaton,36037909,6e+07,1,0.600631816666667
Diego Luna,5550866,1e+07,1,0.5550866
"Dinesh D'Souza,John Sullivan",33349949,2500000,2,13.3399796
Dito Montiel,5903332.25,1.5e+07,4,0.393555483333333
DJ Pooh,10097096,4e+06,1,2.524274
Dominic Sena,51627026.5,61250000,4,0.842890228571429
"Don Hall,Chris Williams",222487711,1.65e+08,1,1.34841036969697
Don Handfield,204068,5e+06,1,0.0408136
Don Mancini,17016190,1.2e+07,2,1.41801583333333
Don Michael Paul,15361537,1.3e+07,2,1.18165669230769
Don Roos,12703838,3.5e+07,3,0.3629668
Don Scardino,22525921,3e+07,1,0.750864033333333
Donald Petrie,52648808.8571429,32571428.5714286,7,1.61641079824561
Doug Ellin,32361416,3e+07,1,1.07871386666667
Doug Liman,84536815.6666667,81166666.6666667,6,1.04152134291581
Douglas McGrath,5394822.5,18500000,2,0.291612027027027
Drake Doremus,16255,5e+05,4,0.03251
Drew Barrymore,13034417,1.5e+07,1,0.868961133333333
Drew Goddard,42043633,3e+07,1,1.40145443333333
Duncan Jones,54696902,3.2e+07,1,1.7092781875
Duncan Tucker,9013113,1e+06,1,9.013113
"Dwight H. Little,John Blush",31526393,2.5e+07,1,1.26105572
E. Elias Merhige,8495790.5,17500000,2,0.485473742857143
E.L. Katz,59379,2e+05,1,0.296895
Ed Decter,28972187,1.3e+07,1,2.22862976923077
Ed Harris,14401958.5,6e+06,2,2.40032641666667
Ed Solomon,209151,7500000,1,0.0278868
Edgar Wright,28748709.5,4e+07,2,0.7187177375
Edward Anderson,1925,2400000,1,0.000802083333333333
Edward Burns,4397,1086333.33333333,4,0.00404756060141149
Edward Zwick,41839101.2857143,54714285.7142857,7,0.764683313315927
"Efram Potelle,Kyle Rankin",279282,1e+06,1,0.279282
Ekachai Uekrongtham,162,9e+06,1,1.8e-05
Eli Roth,34004,2500000,1,0.0136016
Élie Chouraqui,233520,2.4e+07,1,0.00973
Elizabeth Allen Rosenbaum,22378561,13500000,2,1.65767118518519
"Elizabeth Banks,Steven Brill",8828771,6e+06,1,1.47146183333333
Ellory Elkayem,17266505,14100000,3,1.22457482269504
Emilio Estevez,7817574.5,1.4e+07,2,0.558398178571429
Eran Creevy,6787,8500000,1,0.000798470588235294
"Eric Bress,J. Mackye Gruber",23947,1.3e+07,1,0.00184207692307692
Eric Brevig,100935564,62500000,2,1.614969024
"Eric Darnell,Simon J. Smith",83348920,1.32e+08,1,0.631431212121212
"Eric Darnell,Tom McGrath",196495473.333333,123333333.333333,3,1.59320654054054
Eric England,3328,70000,2,0.0475428571428571
Eric Nicholas,10018,1e+06,1,0.010018
Erick Zonca,2110,6e+06,1,0.000351666666666667
Ericson Core,57789574,4e+07,1,1.44473935
Erik Van Looy,5981749,1.4e+07,1,0.427267785714286
Ernest R. Dickerson,6476165.5,9500000,2,0.681701631578947
Ernie Barbarash,8691,6900000,5,0.0012595652173913
"Ethan Coen,Joel Coen",69584418.7777778,25222222.2222222,9,2.75885360792952
Evan Glodell,167242,17000,1,9.83776470588235
"Evan Goldberg,Seth Rogen",101470202,3.2e+07,1,3.1709438125
F. Gary Gray,68550874,48666666.6666667,3,1.40857960273973
"Fatih Akin,Yvan Attal",1585859,14700000,1,0.10788156462585
"Fenton Bailey,Randy Barbato",296665,5e+06,1,0.059333
Fina Torres,5018450,8e+06,1,0.62730625
Fisher Stevens,2221963,1.5e+07,3,0.148130866666667
Florent-Emilio Siri,34636443,5.2e+07,1,0.666085442307692
Floria Sigismondi,3571735,1e+07,1,0.3571735
Florian Henckel von Donnersmarck,67631157,1e+08,1,0.67631157
Forest Whitaker,9055010,3e+07,1,0.301833666666667
Franc. Reyes,17504595,3500000,1,5.00131285714286
"Francesca Gregorini,Tatiana von Furstenberg",5005,3e+06,1,0.00166833333333333
Francine McDougall,13276953,1.1e+07,1,1.20699572727273
Francis Ford Coppola,372065,5800000,5,0.0641491379310345
Francis Glebas,23073611,3.5e+07,1,0.659246028571429
Francis Lawrence,203808199.75,104500000,4,1.95031770095694
Franck Khalfoun,2002591,7e+06,2,0.286084428571429
Frank Coraci,66655199.2,68400000,6,0.974491216374269
Frank Darabont,26694337,4.5e+07,2,0.593207488888889
Frank Marshall,81593527,4e+07,1,2.039838175
Frank Miller,19781879,6e+07,2,0.329697983333333
"Frank Miller,Robert Rodriguez",13750556,6.5e+07,1,0.211547015384615
Frank Nissen,18081626,1.4e+07,2,1.29154471428571
Frank Oz,59475623,9e+07,1,0.660840255555556
Fred Durst,5761485,1.4e+07,2,0.411534642857143
Fred Savage,13235267,6e+06,1,2.20587783333333
Fred Wolf,20454701,21666666.6666667,3,0.944063123076922
Gabe Torres,4330,5e+05,1,0.00866
Gabor Csupo,82234139,1.7e+07,1,4.83730229411765
Gabriele Muccino,41526483,4.5e+07,2,0.922810733333333
Galt Niederhoffer,103280,4500000,1,0.0229511111111111
Gareth Edwards,200661309,1.6e+08,1,1.25413318125
Garry Marshall,73639152.5,43500000,6,1.69285408045977
Garth Jennings,51019112,5e+07,1,1.02038224
Gary David Goldberg,43894863,3e+07,1,1.4631621
Gary Fleder,24340099.6666667,4.2e+07,6,0.579526182539683
Gary Ross,264073350,82500000,2,3.20088909090909
Gary Shore,55942830,7e+07,1,0.799183285714286
"Gary Trousdale,Kirk Wise",84037039,1.2e+08,1,0.700308658333333
Gary Winick,42675293.3333333,19460000,6,2.19297499143542
Gavin Hood,78215257.5,99375000,4,0.787071773584906
Gavin O'Connor,31244076,27666666.6666667,3,1.12930395180723
Genndy Tartakovsky,148313048,8.5e+07,2,1.74485938823529
"Geoff Moore,David Posamentier",72273,5e+06,1,0.0144546
Geoffrey Sax,19056922.3333333,3e+07,3,0.635230744444443
George A. Romero,952620,2e+06,2,0.47631
George Armitage,6471394,5e+07,1,0.12942788
George Clooney,45423646.75,34333333.3333333,6,1.32301883737864
George Gallo,723714,20800000,5,0.0347939423076923
George Hickenlooper,1654367,7e+06,1,0.236338142857143
George Lucas,345469069,1.14e+08,2,3.03043042982456
"George Miller,Warren Coleman",197992827,1e+08,1,1.97992827
George Nolfi,62453315,50200000,1,1.24408994023904
George Ratliff,252968.5,9e+06,2,0.0281076111111111
George Tillman Jr.,27342571.5,25333333.3333333,4,1.07931203289474
Gil Junger,33422806,5e+07,3,0.66845612
Gil Kenan,42982797.6666667,5.5e+07,3,0.781505412121213
Gina Kim,13720,3500000,1,0.00392
Gina Prince-Bythewood,26606770.6666667,1.1e+07,3,2.41879733333334
Glen Morgan,11543718.5,15500000,2,0.744756032258065
"Glenn Ficarra,John Requa",43140221.5,31500000,2,1.36953084126984
Glenn McQuaid,7066,750000,2,0.00942133333333333
Godfrey Reggio,101196.5,3e+06,2,0.0337321666666667
Gonzalo López-Gallego,17683670,5e+06,1,3.536734
Goran Dukic,104077,1e+06,2,0.104077
Gordon Chan,22108977,4.1e+07,2,0.539243341463415
Gore Verbinski,196398316.111111,157666666.666667,9,1.24565528188865
"Graham Annable,Anthony Stacchi",50807639,6e+07,1,0.846793983333333
Grant Heslov,32416109,2.5e+07,1,1.29664436
Greg Berlanti,27551911,19500000,4,1.41291851282051
Greg Coolidge,28435406,1.2e+07,2,2.36961716666667
Greg Harrison,191309,150000,1,1.27539333333333
Greg MacGillivray,14438754,8600000,5,1.67892488372093
Greg Marcks,500154,6e+06,2,0.083359
Greg Mottola,26698389.5,4e+07,2,0.6674597375
Gregory Hoblit,37558746.3333333,3.3e+07,3,1.13814382828283
Gregory Jacobs,9798767.33333333,6e+06,3,1.63312788888889
Grégory Levasseur,2753312,6500000,1,0.423586461538462
Gregory Poirier,13558739,1.1e+07,1,1.23261263636364
Guillermo Arriaga,200399,2e+07,1,0.01001995
Guillermo del Toro,79555102,98750000,4,0.805621286075949
Gus Van Sant,12573161.5,16812500,10,0.747846037174721
Guy Ferland,14140215,2.5e+07,1,0.5656086
Guy Moshe,95396,17666666.6666667,3,0.00539977358490565
Guy Ritchie,194226942.333333,113333333.333333,3,1.7137671382353
Hans Canosa,379122,450000,1,0.842493333333333
Hans Petter Moland,442612,6e+06,1,0.0737686666666667
Harald Zwart,56224394,57500000,5,0.977815547826087
Harmony Korine,14123773,5e+06,1,2.8247546
Harold Becker,45207112,5.3e+07,1,0.852964377358491
Harold Cronk,60753735,2e+06,1,30.3768675
Harold Ramis,30539645.75,4.6e+07,4,0.663905342391304
"Harry Elfont,Deborah Kaplan",14252830,2.2e+07,1,0.647855909090909
"Heidi Ewing,Alex Gibney",100675,3e+06,2,0.0335583333333333
Helen Hunt,3735303,3500000,2,1.06722942857143
Henry Alex Rubin,1435950,1e+07,1,0.143595
"Henry Alex Rubin,Dana Adam Shapiro",1523883,1750211,1,0.870685305943112
Henry Bean,406035,1500000,2,0.27069
Henry Hobson,131175,8500000,1,0.0154323529411765
"Henry Joost,Ariel Schulman",28559597,5e+06,2,5.7119194
Henry Selick,40344787.5,67500000,3,0.597700555555556
"Hironobu Sakaguchi,Motonori Sakakibara",32131830,1.37e+08,1,0.234538905109489
Ho Yim,35938,5e+06,1,0.0071876
Howard Deutch,26737630.6666667,43333333.3333333,3,0.617022246153847
Howard McCain,160641,5e+07,2,0.00321282
Hoyt Yeatman,119420252,1.5e+08,1,0.796135013333333
"Huck Botko,Andrew Gurland",535249,3400000,1,0.157426176470588
Hue Rhodes,100669,3800000,2,0.0264918421052632
Hugh Hudson,6543194,3.4e+07,1,0.192446882352941
Hyung-rae Shim,163591,13400000,1,0.0122082835820896
Iain Softley,33135787.25,52750000,4,0.628166582938389
Ira Sachs,1377928.5,8500000,5,0.162109235294118
Irwin Winkler,15561627,1.8e+07,1,0.864534833333333
Isabel Coixet,3577210,1.3e+07,1,0.27517
Israel Horovitz,4011530,5e+06,1,0.802306
István Szabó,7739049,1.8e+07,1,0.429947166666667
Ivan Reitman,40073602.25,4e+07,4,1.00184005625
J.B. Rogers,75306764,27500000,2,2.73842778181818
J.C. Chandor,5907264.25,10375000,4,0.56937486746988
J.J. Abrams,186704452.25,1.35e+08,4,1.38299594259259
Jacob Aaron Estes,603943,5e+05,1,1.207886
Jake Kasdan,31004949.4285714,29600000,7,1.04746450772201
Jake Schreier,3325638,2500000,1,1.3302552
"James Algar,Gaëtan Brizzi",60507228,8e+07,1,0.75634035
James Bobin,69902407.5,47500000,2,1.47162963157895
James Bolton,19515.6666666667,420000,3,0.0464658730158731
James C. Strouse,50080,2e+06,3,0.02504
James Cameron,388773279,1.25e+08,2,3.110186232
James Cox,1056102,8e+06,3,0.13201275
James DeMonaco,67971440,6e+06,3,11.3285733333333
James Dodson,115504,1.4e+07,3,0.00825028571428571
James Foley,17959004.5,37897500,2,0.473883620291576
James Gray,6618723.16666667,16833333.3333333,6,0.393191475247526
James Gunn,85387435,47625000,4,1.79291202099738
James Isaac,6814848,8500000,3,0.801746823529412
James Ivory,6605120.66666667,1.6e+07,3,0.412820041666667
James L. Brooks,36128470.5,1e+08,2,0.361284705
James Manera,830210,5e+06,1,0.166042
James Mangold,72786379.8571429,60285714.2857143,7,1.20735701184834
James McTeigue,48776164.75,43500000,4,1.12129114367816
James Mottern,52166,2e+06,2,0.026083
James Ponsoldt,4693306.33333333,1833333.33333333,3,2.55998527272728
James Wan,59169183,11333333.3333333,6,5.2208102647059
James Wong,35520544.3333333,3.9e+07,3,0.910783188034187
Jamie Babbit,290009.25,925000,5,0.313523513513514
Jamie Blanks,20384136,1e+07,1,2.0384136
Jamie Travis,1243961,850000,1,1.46348352941176
Jan de Bont,65653758,9.5e+07,1,0.691092189473684
Janusz Kaminski,16779636,2.8e+07,1,0.599272714285714
Jared Hess,31241314.75,16200000,4,1.9284762191358
Jason Bateman,7764027,1e+07,1,0.7764027
"Jason Friedberg,Aaron Seltzer",30190135.6666667,17375000,5,1.73756176498801
Jason Moore,64998368,1.7e+07,1,3.82343341176471
Jason Reitman,63139880.75,13750000,5,4.59199132727273
Jason Todd Ipson,350801,1450000,4,0.241931724137931
Jason Winer,33015696,4e+07,1,0.8253924
Jaume Balagueró,22160085,10600000,1,2.09057405660377
Jaume Collet-Serra,64702681,4e+07,3,1.617567025
Jay Chandrasekhar,23570699.6666667,15690000,6,1.50227531336308
Jay DiPietro,11276,5e+05,1,0.022552
"Jay Duplass,Mark Duplass",4020943.25,9e+06,4,0.446771472222222
Jay Roach,163031007,79333333.3333333,4,2.05501269327731
Jay Russell,74540762,5.5e+07,1,1.35528658181818
Jean-François Richet,19976073,2e+07,1,0.99880365
Jean-Jacques Annaud,51396781,6.8e+07,1,0.755835014705882
Jean-Marc Vallée,30823662.3333333,8333333.33333333,3,3.69883948
Jee-woon Kim,12026670,4.5e+07,1,0.267259333333333
Jeff Baena,80315,2400000,1,0.0334645833333333
Jeff Lowell,7563670,1e+07,1,0.756367
Jeff Nichols,6273726.5,6666666.66666667,4,0.941058975
Jeff Renfroe,54902,3400000,1,0.0161476470588235
Jeff Stanzler,6364,2e+05,1,0.03182
Jeff Tremaine,89056631.25,13333333.3333333,6,6.67924734375002
Jeff Wadlow,21214091,16333333.3333333,3,1.29882189795919
Jeffrey Blitz,3220411,6e+06,2,0.536735166666667
Jeffrey Nachmanoff,23527748,2.2e+07,1,1.06944309090909
Jeffrey W. Byrd,4006906,1.5e+07,1,0.267127066666667
Jehane Noujaim,2586511,1500000,2,1.72434066666667
Jennifer Chambers Lynch,25352,3500000,1,0.00724342857142857
"Jennifer Flackett,Mark Levin",48006503,3.7e+07,1,1.29747305405405
Jennifer Yuh Nelson,165230261,1.5e+08,1,1.10153507333333
Jeremy Saulnier,258113,1066167,2,0.242094343569066
Jerry Zucker,56607223,4.8e+07,1,1.17931714583333
Jesse Dylan,104354205,5.5e+07,1,1.89734918181818
Jesse Vaughan,13571817,15600000,1,0.869988269230769
Jessie Nelson,33277685,19500000,2,1.70654794871795
Jez Butterworth,4919896,1.3e+07,1,0.378453538461538
Jieho Lee,19487,1e+07,2,0.0019487
Jill Sprecher,1622313,4500000,3,0.360514
Jim Fall,42672630,1.7e+07,1,2.51015470588235
Jim Field Smith,15827826.5,2e+07,2,0.791391325
Jim Gillespie,881745,5.5e+07,2,0.0160317272727273
Jim Hanon,11703287,1e+07,2,1.1703287
Jim Jarmusch,4835216.75,8500000,4,0.568849029411765
Jim Kohlberg,258077,4e+06,1,0.06451925
Jim Mickle,150520.333333333,453333.333333333,4,0.332030147058823
Jim Sheridan,29741750.5,3.3e+07,2,0.901265166666667
Jim Wilson,1063723,1e+07,1,0.1063723
Jimmy Hayward,40678287.3333333,52333333.3333333,3,0.777292114649681
"Jimmy Hayward,Steve Martino",154529187,8.5e+07,1,1.81799043529412
Joby Harold,14373825,8600000,1,1.671375
Jodie Foster,958319,2.1e+07,1,0.0456342380952381
Jodie Markell,119382,6500000,2,0.0183664615384615
Jody Hill,8153626.33333333,1.8e+07,3,0.452979240740741
Joe Berlinger,13295804.5,1.5e+07,2,0.886386966666667
Joe Carnahan,43668481,29500000,7,1.48028749152542
Joe Charbanic,28927720,3.3e+07,1,0.876597575757576
Joe Dante,20950820,34666666.6666667,4,0.604350576923076
Joe Johnston,109792930.4,126600000,5,0.867242736176935
Joe Nussbaum,10904161.5,12250000,3,0.890135632653061
Joe Roth,59940820.3333333,48555000,3,1.23449326193663
Joe Swanberg,26296.5,70000,3,0.375664285714286
Joe Wright,35959221.5,4.5e+07,2,0.799093811111111
"Joel Coen,Ethan Coen",21295519.5,4e+07,2,0.5323879875
Joel Schumacher,17041303.625,27714285.7142857,8,0.614892398840207
Joel Zwick,144775991.5,14166666.6666667,3,10.2194817529412
Joey Lauren Adams,117560,6e+06,1,0.0195933333333333
Johan Renck,22153,3e+06,1,0.00738433333333333
John A. Davis,54527053.5,4e+07,2,1.3631763375
John Bonito,18843314,2e+07,2,0.9421657
John Boorman,13491653,1.8e+07,1,0.749536277777778
John Cameron Mitchell,2490899.66666667,5333333.33333333,3,0.467043687500001
John Carney,16168741,8e+06,1,2.021092625
John Carpenter,8434601,1.9e+07,2,0.443926368421053
John Curran,3960419.66666667,14800000,3,0.267595923423424
John Dahl,11522178.3333333,35666666.6666667,3,0.323051728971961
John Doyle,1553,1e+07,2,0.0001553
"John Eng,Norton Virgien",39399750,2.5e+07,1,1.57599
John Erick Dowdle,28824100.3333333,9e+06,4,3.20267781481481
John Gatins,32701088,3.2e+07,1,1.021909
John Gulager,370904,4100000,2,0.0904643902439024
John Hamburg,79601787.5,4.1e+07,2,1.94150701219512
John Herzfeld,24375436,22750000,4,1.07144773626374
John Hillcoat,18726991.5,25500000,2,0.734391823529412
John Hyams,5247,11500000,1,0.000456260869565217
"John Lasseter,Brad Lewis",191450875,2e+08,1,0.957254375
John Lee Hancock,104110660.2,45200000,5,2.30333319026549
John Luessenhop,46039488,2e+07,2,2.3019744
John Madden,18075283.5714286,27400000,7,0.659681882168927
John Maybury,6301131,2.9e+07,1,0.217280379310345
John McTiernan,22763331,6e+07,2,0.37938885
John Moore,48543168.2,47400000,5,1.02411747257384
John Ottman,21468807,1.4e+07,1,1.53348621428571
John Pasquin,35621538.5,41500000,2,0.858350325301205
John Patrick Shanley,33422556,2e+07,2,1.6711278
John Pogue,8496112,2100000,2,4.04576761904762
John Polson,39830795,19250000,4,2.06913220779221
John Putch,3333823,9e+06,3,0.370424777777778
John R. Leonetti,84263837,6500000,2,12.9636672307692
John Sayles,1241262,3650000,3,0.340071780821918
John Schlesinger,14983572,2.5e+07,1,0.59934288
John Schultz,26116971.25,30500000,4,0.856294139344262
John Singleton,64591677.75,4.3e+07,4,1.50213204069767
John Slattery,104401,1e+06,1,0.104401
John Stainton,28399192,1.3e+07,1,2.18455323076923
John Stalberg Jr.,82740,1e+06,2,0.08274
John Stockwell,16019727.75,20800000,9,0.77017921875
John Waters,1308326,12500000,2,0.10466608
John Wells,21088731.5,2e+07,4,1.054436575
John Whitesell,47722815.3333333,3.6e+07,4,1.32563375925926
John Woo,103366150,1e+08,3,1.0336615
Johnny Remo,96734,1e+06,1,0.096734
Jon Amiel,31111260,6e+07,1,0.518521
Jon Avnet,28503661,4.5e+07,4,0.633414688888889
Jon Favreau,160539200.333333,1.02e+08,6,1.57391372875817
Jon Gunn,352810,2500000,2,0.141124
"Jon Gunn,Brian Herzlinger",85222,1100,1,77.4745454545454
"Jon Hurwitz,Hayden Schlossberg",38087366,1.2e+07,2,3.17394716666667
Jon Kasdan,5530253,6e+06,2,0.921708833333333
Jon M. Chu,73976165.25,4.9e+07,4,1.50971765816327
Jon S. Baird,34321,5e+06,1,0.0068642
Jon Stewart,3093491,5e+06,1,0.6186982
Jon Turteltaub,117941856.4,93600000,5,1.26006256837607
Jonas Åkerlund,410241,1.1e+07,2,0.0372946363636364
Jonas Elmer,16699684,8e+06,1,2.0874605
Jonas McCord,33565,3e+07,1,0.00111883333333333
Jonas Pate,189332,5100000,1,0.0371239215686274
Jonathan Caouette,592014,218,2,2715.66055045872
"Jonathan Dayton,Valerie Faris",31212883.5,8e+06,2,3.9016104375
Jonathan Demme,23531332.4285714,8e+07,7,0.294141655357142
Jonathan Frakes,36985501,2.6e+07,1,1.42251926923077
Jonathan Glazer,3805461,2e+07,2,0.19027305
Jonathan Hensleigh,17434992,22500000,2,0.774888533333333
Jonathan Levine,34591234.75,11550000,5,2.9949120995671
Jonathan Liebesman,97548894.5,8.9e+07,5,1.09605499438202
Jonathan Lynn,30238577,1.5e+07,1,2.01590513333333
Jonathan Mostow,88659546.6666667,1.14e+08,3,0.777715321637427
Joon-ho Bong,4563029,39200000,1,0.116403801020408
"Jorge Blanco,Javier Abad",42194060,7e+07,1,0.602772285714286
Jorge R. Gutiérrez,50150619,5e+07,1,1.00301238
Jorma Taccone,8460995,1e+07,1,0.8460995
José Padilha,58607007,1e+08,1,0.58607007
Joseph Gordon-Levitt,24475193,2001333.33333333,4,12.2294435376416
Joseph Kahn,21176322,2e+07,3,1.0588161
Joseph Kosinski,144375103,153333333.333333,3,0.941576758695654
Joseph Ruben,66641205,4.2e+07,1,1.58669535714286
Josh Boone,62473893.5,1.2e+07,2,5.20615779166667
"Josh Gordon,Will Speck",72955999,4e+07,2,1.823899975
Josh Schwartz,9402410,1.4e+07,1,0.671600714285714
Josh Trank,60343358.5,6.6e+07,2,0.914293310606061
Joshua Michael Stern,16200901.5,16500000,3,0.981872818181818
Joshua Seftel,578527,1e+07,2,0.0578527
Joshua Tickell,173783,2500000,1,0.0695132
Joss Whedon,169569795,1e+08,4,1.69569795
Juan Carlos Fresnadillo,64727,1.3e+07,1,0.004979
Judd Apatow,94328819.5,41500000,4,2.27298360240964
Julie Anne Robinson,62933793,2e+07,1,3.14668965
Julie Davis,535096.25,1e+06,4,0.53509625
Julie Taymor,13076112.5,25666666.6666667,4,0.509458928571428
Julio DePietro,100503,8e+06,2,0.012562875
Jun Falkenstein,45542421,3e+07,1,1.5180807
Justin Lin,98138154.2857143,68821428.5714286,7,1.42598252205501
Karen Moncrieff,17311,7e+06,2,0.002473
Karey Kirkpatrick,16088610,5.5e+07,1,0.292520181818182
Karyn Kusama,11277665.5,2e+07,4,0.563883275
Kat Coiro,20186,930000,3,0.021705376344086
Kate Barker-Froyland,20200,6e+06,1,0.00336666666666667
Katherine Dieckmann,79418.5,5e+06,2,0.0158837
Kathryn Bigelow,36673003.75,42750000,4,0.857848040935672
Keanu Reeves,61054,2.5e+07,1,0.00244216
Keenen Ivory Wayans,88919697,41250000,4,2.15562901818182
Keith Gordon,331937,8250000,2,0.0402347878787879
"Kelly Asbury,Lorna Cook",73215310,8e+07,1,0.915191375
Kelly Reichardt,766261.25,2e+05,4,3.83130625
Ken Kwapis,49216905.75,3.5e+07,4,1.40619730714286
Ken Scott,10214013,3.5e+07,1,0.291828942857143
Kenneth Branagh,77302361,1.05e+08,3,0.736212961904762
Kenneth Lonergan,4613385,7600000,4,0.607024342105263
Kenny Ortega,81200412.5,35500000,2,2.28733556338028
Kent Alterman,33472850,5.5e+07,1,0.608597272727273
Kerry Conran,37760080,7e+07,1,0.539429714285714
Kevin Asch,302886,1e+06,1,0.302886
Kevin Bray,45860039,5.6e+07,1,0.818929267857143
Kevin Costner,58328680,2.2e+07,1,2.65130363636364
Kevin Lima,127706877,8.5e+07,1,1.50243384705882
Kevin Macdonald,19285301,2.5e+07,3,0.77141204
Kevin Munroe,18833101.3333333,24666666.6666667,3,0.763504108108106
Kevin Rodney Sullivan,67962333,3.5e+07,1,1.94178094285714
Kevin Smith,25079810,18250000,8,1.37423616438356
Kevin Spacey,6144806,2.3e+07,1,0.26716547826087
Kevin Tancharoen,22452209,1.8e+07,1,1.24734494444444
"Kevin Tancharoen,Jennifer Arnold",11860839,9e+06,1,1.317871
"Kief Davidson,Daniel Junge",100240,1e+06,2,0.10024
Kimberly Peirce,23244733.25,21750000,4,1.06872336781609
Kirk De Micco,30105968,3.7e+07,1,0.813674810810811
"Kirk De Micco,Chris Sanders",187165546,1.35e+08,1,1.38641145185185
Kirk Jones,24978908.5,30500000,2,0.818980606557377
Kirsten Sheridan,31655091,3e+07,1,1.0551697
Klay Hall,90282580,5e+07,2,1.8056516
Kris Isacsson,20035310,9e+06,1,2.22614555555556
Kurt Wimmer,9845492,2.5e+07,2,0.39381968
Kyle Newman,685484,2900000,3,0.236373793103448
"Lana Wachowski,Lilly Wachowski",154893859.666667,1.4e+08,3,1.10638471190476
Lance Daly,4106,6e+06,1,0.000684333333333333
Lance Hammer,76211,7e+05,1,0.108872857142857
Lance Rivera,8674887.5,2e+07,2,0.433744375
Lane Nishikawa,142060,3300000,1,0.0430484848484848
Larry Charles,47344991.6666667,10250000,3,4.61902357723578
Larry Clark,221415,2e+06,2,0.1107075
Larry Fessenden,32921,3e+06,2,0.0109736666666667
Lasse Hallström,34653509.4285714,24714285.7142857,8,1.40216512138728
Lauren Greenfield,2401652,1e+06,1,2.401652
Laurie Collyer,198407,2e+06,1,0.0992035
Lawrence Guterman,55192898.5,7.2e+07,2,0.766568034722222
Lawrence Kasdan,17239310,6.8e+07,2,0.253519264705882
Lee Daniels,47038912.1666667,20625000,6,2.28067452929293
Lee Hirsch,2825577.66666667,1100000,3,2.56870696969697
Lee Tamahori,68092493.6666667,99666666.6666667,3,0.683202277591973
Lee Unkrich,414984497,2e+08,1,2.074922485
Leigh Janiak,9168,1e+06,1,0.009168
Len Wiseman,76800399.25,76750000,4,1.00065666775244
Lena Dunham,389804,65000,1,5.99698461538462
Les Mayfield,9449789.75,2.7e+07,4,0.349992212962963
Leslye Headland,418268,3e+06,1,0.139422666666667
Levan Gabriadze,31537320,1e+06,1,31.53732
Lexi Alexander,7948159,3.5e+07,2,0.227090257142857
Liev Schreiber,1705595,7e+06,1,0.243656428571429
Lisa Cholodenko,15089460,3500000,3,4.31127428571429
Lisa Krueger,31844,3e+06,1,0.0106146666666667
Liz Friedlander,34703228,3e+07,1,1.15677426666667
Lone Scherfig,13766014,1.5e+07,1,0.917734266666667
Lorene Scafaria,6619173,1e+07,1,0.6619173
Louis Leterrier,79958444,75500000,4,1.0590522384106
"Louis Leterrier,Corey Yuen",25296447,2.1e+07,1,1.20459271428571
Luc Besson,36917730,3e+07,2,1.230591
Lucky McKee,145540,6250000,3,0.0232864
Luis Mandoki,12053534,3.4e+07,2,0.354515705882353
Luke Greenfield,59059325,24666666.6666667,3,2.39429695945946
Luke Ricci,899,2e+06,2,0.0004495
Lynn Roth,401538,1700000,1,0.236198823529412
Lynn Shelton,998676.25,125000,4,7.98941
M. Night Shyamalan,100743537,75833333.3333333,6,1.3284862021978
Mabrouk El Mechri,3749061,2e+07,1,0.18745305
Maggie Greenwald,3050934,1800000,2,1.69496333333333
Malcolm D. Lee,28449328.5,3.5e+07,4,0.812837957142857
"Malcolm D. Lee,David Zucker",32014289,2e+07,1,1.60071445
Malcolm Venville,101882,1.2e+07,2,0.00849016666666667
"Måns Mårlind,Björn Stein",62321039,4.6e+07,2,1.35480519565217
Marc Abraham,4234040,2e+07,1,0.211702
"Marc F. Adler,Jason Maurer",511920,4e+07,1,0.012798
Marc Forster,59667932.4,58600000,10,1.01822410238908
Marc Lawrence,59267664.2,5.9e+07,6,1.00453668135593
Marc Webb,165758656.666667,145833333.333333,3,1.13663078857143
Marcel Langenegger,4597760,2.5e+07,1,0.1839104
Marco Kreuzpaintner,214202,1.2e+07,1,0.0178501666666667
Marco Schnabel,32178777,6.2e+07,1,0.519012532258065
Marcos Siega,1609095.25,13750000,4,0.117025109090909
Marcus Dunstan,7274226,8e+06,2,0.90927825
Marcus Nispel,29442769.25,44750000,4,0.657938977653631
Marcus Raboy,32983713,2e+07,1,1.64918565
Marius A. Markevicius,133778,5e+05,1,0.267556
"Mark Andrews,Brenda Chapman",237282182,1.85e+08,1,1.28260638918919
Mark Dindal,112339040,1.25e+08,2,0.89871232
Mark Helfrich,35000629,2.5e+07,1,1.40002516
Mark Herman,9030581,12500000,2,0.72244648
"Mark Neveldine,Brian Taylor",28430670.25,34750000,4,0.818148784172662
"Mark Osborne,John Stevenson",215395021,1.3e+08,1,1.65688477692308
Mark Palansky,10011274,1.5e+07,3,0.667418266666667
Mark Pellington,12356261.3333333,3.2e+07,3,0.386133166666666
Mark Piznarski,10494147,1.5e+07,1,0.6996098
Mark Romanek,31597131,1.2e+07,1,2.63309425
Mark Rosman,33839467.5,22500000,2,1.50397633333333
Mark Steven Johnson,49634677.3333333,9.4e+07,3,0.528028482269503
Mark Tonderai,31607598,6900000,1,4.58081130434783
Mark Waters,56794357.75,41428571.4285714,8,1.37089829051724
Mark Webber,18445,1500000,2,0.0122966666666667
Marshall Lewy,15368,2e+05,1,0.07684
Martin Brest,5660084,5.4e+07,1,0.10481637037037
Martin Campbell,75334807,1.08e+08,5,0.697544509259259
Martin Curland,7013,450000,1,0.0155844444444444
Martin Scorsese,83729188.2222222,107142857.142857,9,0.781472423407408
Mary Harron,4468203.25,7e+06,4,0.63831475
Masayuki Ochiai,25926543,8e+06,1,3.240817875
Mathieu Kassovitz,59588068,4e+07,1,1.4897017
"Matt Bettinelli-Olpin,Tyler Gillett",15818967,7e+06,1,2.25985242857143
"Matt Maiellaro,Dave Willis",5518918,750000,1,7.35855733333333
Matt Reeves,100237505.666667,71666666.6666667,3,1.39866286976745
Matt Williams,33771174,1.5e+07,2,2.2514116
Matthew Chapman,5176,1e+07,1,0.0005176
Matthew Cole Weiss,12762,1700000,1,0.00750705882352941
Matthew O'Callaghan,58336565,5e+07,1,1.1667313
Matthew Vaughn,77598093,86666666.6666667,3,0.895362611538461
Matthijs van Heijningen Jr.,16907450,3.8e+07,1,0.444932894736842
"Maurizio Benazzo,Nick Day",381225,2e+05,1,1.906125
Maxim Korostyshevsky,38842,8e+06,1,0.00485525
McG,80048424.5,9.5e+07,6,0.842614994736842
Meiert Avis,1046166,9e+06,1,0.116240666666667
Mel Gibson,25679576,3.5e+07,2,0.733702171428571
Mennan Yapo,47852604,2e+07,1,2.3926302
Menno Meyjes,7486906,2.7e+07,2,0.277292814814815
Michael A. Nickles,252,1600000,2,0.0001575
Michael Apted,21737772,3.8e+07,2,0.572046631578947
"Michael Apted,Curtis Hanson",6002756,2e+07,1,0.3001378
Michael Bay,217654244.625,147125000,8,1.47938314103653
Michael Caton-Jones,14142551.5,6.5e+07,2,0.217577715384615
Michael Clancy,70527,6500000,1,0.0108503076923077
Michael Corrente,200869,5950000,2,0.0337594957983193
Michael Cristofer,16252765,4.2e+07,1,0.386970595238095
Michael Cuesta,639111.25,5800000,5,0.110191594827586
Michael D. Sellers,71904,2500000,1,0.0287616
Michael Davis,12796824,3.9e+07,1,0.328123692307692
Michael Dowse,5546017.5,2.3e+07,2,0.241131195652174
Michael Haneke,1294640,1.5e+07,1,0.0863093333333333
Michael Hoffman,20411116.5,19250000,3,1.06031774025974
Michael J. Bassett,17529157,2e+07,1,0.87645785
Michael Kang,47111,2500000,4,0.0188444
Michael Keaton,346286,5e+06,2,0.0692572
Michael Landon Jr.,379643,2200000,1,0.172565
Michael Lehmann,40290336,1.7e+07,2,2.37001976470588
Michael Lembeck,77259336.6666667,30666666.6666667,4,2.51932619565217
Michael Mann,79663944.5,101750000,4,0.782938029484029
Michael Mayer,11013863,10750000,2,1.02454539534884
Michael McCullers,60269340,3e+07,1,2.008978
Michael Meredith,19348,1e+07,1,0.0019348
Michael Moore,44803403,6333333.33333333,4,7.07422152631579
Michael O. Sajbel,13391174,2e+07,1,0.6695587
Michael Patrick King,123983103,82500000,2,1.50282549090909
Michael Polish,5819832,6316666.66666667,6,0.9213454353562
Michaël R. Roskam,10720322,12600000,1,0.850819206349206
Michael Radford,3752725,1.8e+07,2,0.208484722222222
Michael Rossato-Bennett,150200,6e+05,1,0.250333333333333
Michael Rymer,30307804,3.5e+07,1,0.865937257142857
"Michael Spierig,Peter Spierig",29975979,2e+07,2,1.49879895
Michael Sucsy,125014030,3e+07,1,4.16713433333333
Michael Tiddes,17314483,4e+06,1,4.32862075
Michael Tollin,35985688,34500000,2,1.04306342028985
Michael Winterbottom,4693888,14500000,2,0.323716413793103
Michel Gondry,26082394.8333333,40750000,7,0.640058768916155
Michel Orion Scott,155984,160000,1,0.9749
Mick Garris,101107,5e+06,1,0.0202214
Mickey Liddell,13350177,5e+06,1,2.6700354
Miguel Arteta,19906157.3333333,13850000,6,1.43726767749699
Miguel Sapochnik,13763130,3.2e+07,1,0.4300978125
Mikael Håfström,33239881.6,36800000,5,0.903257652173913
Mike Barker,223144,2e+07,3,0.0111572
Mike Binder,19997673.6666667,12666666.6666667,3,1.57876371052631
Mike Cahill,638135.333333333,1e+05,3,6.38135333333333
Mike Disa,10134754,20833333.3333333,3,0.486468192000001
Mike Figgis,7576289.66666667,4e+06,3,1.89407241666667
Mike Flanagan,27689474,5e+06,1,5.5378948
Mike Judge,5626419,8e+06,2,0.703302375
"Mike McCoy,Scott Waugh",70011073,1.2e+07,1,5.83425608333333
Mike Mills,4663503.75,3400000,4,1.37161875
Mike Mitchell,104503262,81666666.6666667,3,1.27963177959184
Mike Nawrocki,12701880,1.5e+07,1,0.846792
"Mike Nawrocki,Phil Vischer",25571351,1.4e+07,1,1.82652507142857
Mike Newell,112257671.5,1.15e+08,4,0.976153665217391
Mike Nichols,41507977.2,50800000,5,0.817086165354331
Mimi Leder,33508922,3e+07,3,1.11696406666667
Mira Nair,11604583.2,31500000,5,0.368399466666667
Miranda July,2226750,1500000,4,1.4845
Mitch Davis,4720371,7e+06,1,0.674338714285714
Morgan Neville,4946250,1e+06,1,4.94625
Morgan Spurlock,3141851.5,782500,4,4.01514568690096
Mort Nathan,8586376,2e+07,1,0.4293188
Nancy Meyers,103305687.25,83750000,4,1.23350074328358
Nanette Burstein,9368906,3.2e+07,2,0.2927783125
"Nat Faxon,Jim Rash",21501098,5e+06,1,4.3002196
Nathan Frankowski,7499617,3450000,2,2.17380202898551
"Nathan Greno,Byron Howard",200807262,2.6e+08,1,0.772335623076923
Ned Benson,585640,3e+06,2,0.195213333333333
Neil Burger,67519139.25,35750000,4,1.88864725174825
Neil Jordan,36789772,7e+07,1,0.525568171428571
Neil LaBute,23608257,22500000,6,1.04925586666667
Neill Blomkamp,104348176,72500000,2,1.4392851862069
Nelson McCormick,36440360,2e+07,2,1.822018
Nia Vardalos,10060,3e+06,1,0.00335333333333333
Nicholas Fackler,124720,5e+06,1,0.024944
Nicholas Hytner,17174870,1.8e+07,1,0.954159444444444
Nicholas Jarecki,7918283,1.2e+07,1,0.659856916666667
Nicholas Stoller,75625443.75,2.6e+07,4,2.90867091346154
Nicholaus Goossen,6088249,5e+06,2,1.2176498
Nick Cassavetes,43882470.8,33750000,5,1.30022135703704
Nick Hamm,14334645,2.5e+07,1,0.5733858
Nick Hurran,20422207,25250000,2,0.808800277227723
Nick Tomnay,48430,5e+05,2,0.09686
Nicolás López,40179,2e+06,1,0.0200895
Nicolas Winding Refn,12204013,8200000,3,1.48829426829268
Nicole Holofcener,10141301.1666667,4600000,6,2.2046306884058
Niels Arden Oplev,10880926,3e+07,1,0.362697533333333
Nigel Cole,21835784,3e+07,3,0.727859466666667
Niki Caro,18324242,3.5e+07,1,0.523549771428571
Nima Nourizadeh,54724272,1.2e+07,1,4.560356
Nimród Antal,28992136,28666666.6666667,3,1.01135358139535
Nnegest Likké,7059537,3e+06,1,2.353179
Noah Baumbach,4872620.33333333,7166666.66666667,6,0.679900511627906
Noam Murro,57932999.5,1.1e+08,2,0.526663631818182
Nora Ephron,55464025,63333333.3333333,3,0.875747763157895
Norman Jewison,50668906,3.8e+07,1,1.33339226315789
Olatunde Osunsanmi,25464480,1e+07,1,2.546448
Ole Bornedal,49122319,1.4e+07,1,3.50873707142857
"Oliver Hirschbiegel,James McTeigue",15071514,8e+07,1,0.188393925
Oliver Stone,36502006.2857143,63866666.6666667,7,0.571534545183418
Oren Moverman,340104,9250000,4,0.036768
Oren Peli,107917283,2507500,2,43.0377998005982
P.J. Hogan,47034853.3333333,1e+08,4,0.470348533333333
Pat O'Connor,25178165,4e+07,1,0.629454125
Patricia Cardoso,5844929,3e+06,1,1.94830966666667
Patricia Riggen,7591993,5e+06,2,1.5183986
Patricia Rozema,17655201,1e+07,1,1.7655201
"Patrick Gilmore,Tim Johnson",26288320,6e+07,1,0.438138666666667
Patrick Hughes,39292022,9e+07,1,0.436578022222222
Patrick Lussier,25569180,22480000,5,1.13741903914591
Patrick Stettner,7825820,4e+06,1,1.956455
Patrick Tatopoulos,45802315,3.5e+07,1,1.30863757142857
Patty Jenkins,34468224,4500000,1,7.65960533333333
Paul Abascal,15712072,2e+07,1,0.7856036
Paul Feig,86396620.75,33833333.3333333,4,2.55359470197045
Paul Greengrass,113980639.166667,68333333.3333333,6,1.66800935365854
Paul Haggis,26528336.5,22200000,6,1.19497011261261
Paul Hunter,23020488,5.2e+07,1,0.442701692307692
Paul Johansson,4563873,2e+07,2,0.22819365
Paul McGuigan,24734452,33250000,4,0.743893293233083
Paul Schrader,1069621.5,8e+06,4,0.1337026875
Paul Solet,6174,5e+06,1,0.0012348
Paul Thomas Anderson,22034417.3333333,23333333.3333333,4,0.944332171428571
Paul Verhoeven,73209340,9.5e+07,1,0.770624631578947
Paul W.S. Anderson,47975463.3333333,63833333.3333333,6,0.751573838120104
Paul Weiland,46012734,4e+07,1,1.15031835
Paul Weitz,54540387.7142857,49666666.6666667,7,1.09812861169703
Penny Marshall,29781453,4.8e+07,1,0.6204469375
Perry Andelin Blake,40363530,1.6e+07,1,2.522720625
"Pete Docter,Bob Peterson",292979556,1.75e+08,1,1.67416889142857
"Pete Docter,David Silverman",289907418,1.15e+08,1,2.52093406956522
Pete Jones,119841,1500000,1,0.079894
Pete Travis,42833994.5,37500000,2,1.14223985333333
Peter Berg,99928026.5714286,89142857.1428571,7,1.1209874775641
Peter Billingsley,109176215,6e+07,1,1.81960358333333
Peter Care,1779284,1.2e+07,1,0.148273666666667
Peter Cattaneo,6409206,1.5e+07,1,0.4272804
Peter Chelsom,48533964.25,49500000,4,0.980484126262626
Peter Hastings,16988996,3.5e+07,1,0.485399885714286
Peter Hedges,26052589.75,12650000,4,2.05949326086957
Peter Hewitt,43499469,3e+07,3,1.4499823
Peter Howitt,10965209,3e+07,1,0.365506966666667
Peter Hyams,1272017,33500000,4,0.0379706567164179
Peter Jackson,234265091.142857,190285714.285714,7,1.23112285135135
Peter Kosminsky,16346122,1.6e+07,1,1.021632625
Peter Lepeniotis,64238770,4.2e+07,1,1.52949452380952
"Peter Lord,Nick Park",106793915,4.5e+07,1,2.37319811111111
Peter M. Cohen,4142507,3e+06,1,1.38083566666667
Peter Paige,5203,650000,1,0.00800461538461538
Peter Ramsey,103400692,1.45e+08,2,0.713108220689655
Peter Rodger,38244,1250000,1,0.0305952
Peter Sattler,9837,1e+06,1,0.009837
Peter Segal,103696418.428571,65285714.2857143,7,1.58834776586433
Peter Sollett,31487293,9e+06,1,3.49858811111111
Peter Weir,33093729.3333333,1.5e+08,3,0.220624862222222
Peyton Reed,83585433,56750000,4,1.4728710660793
Phil Alden Robinson,118471320,4.4e+07,2,2.69253
Phil Joanou,38432823,3e+07,1,1.2810941
"Phil Lord,Christopher Miller",191414236.666667,7e+07,3,2.7344890952381
Phil Morrison,2678010,1e+06,1,2.67801
Phil Traill,33860010,1.5e+07,1,2.257334
Philip G. Atwell,22466994,2.5e+07,1,0.89867976
Philip Kaufman,16127963,31750000,2,0.507967338582677
Philippe Caland,1179327,5e+06,1,0.2358654
Philippe Diaz,15687,1e+06,4,0.015687
Philippe Falardeau,2716989,2e+07,1,0.13584945
Phillip Noyce,45196993.3333333,51333333.3333333,3,0.880460909090909
Phyllida Lloyd,143704210,5.2e+07,1,2.7635425
"Pierre Coffin,Chris Renaud",329200305,73666666.6666667,3,4.46878242081448
Pitof,40198710,1e+08,1,0.4019871
Preston A. Whitmore II,28065801,9300000,2,3.01782806451613
Q. Allan Brocka,220151,5e+05,1,0.440302
Quentin Tarantino,99703568.6666667,53333333.3333333,4,1.8694419125
"Quentin Tarantino,Eli Roth",120523073,7.5e+07,1,1.60697430666667
Raja Gosnell,102360305.285714,67714285.7142857,7,1.51165007805907
Ramaa Mosley,6643,9e+05,1,0.00738111111111111
Ramin Bahrani,630119.666666667,8e+06,6,0.0787649583333334
Randall Miller,999190.6,4100000,5,0.243705024390244
Randall Wallace,72240618.75,39250000,4,1.84052531847134
Rawson Marshall Thurber,88257775.3333333,28500000,3,3.09676404678362
Raymond De Felitta,3590753.75,6e+06,4,0.598458958333333
Rebecca Miller,738917,812500,3,0.909436307692308
"Reed Cowan,Steven Greenstreet",99851,2500000,1,0.0399404
Reginald Hudlin,16930185,2.9e+07,2,0.583799482758621
Renny Harlin,19038776.7142857,36777777.7777778,10,0.517670665947345
Rian Johnson,24502523,23333333.3333333,3,1.05010812857143
Rich Moore,189412677,1.65e+08,1,1.14795561818182
Richard Benjamin,1646664,2e+07,1,0.0823332
Richard Donner,31082605.6666667,61333333.3333333,3,0.506781614130436
Richard Eyre,776691,1.5e+07,2,0.0517794
"Richard Glatzer,Wash Westmoreland",18656400,5e+06,1,3.73128
Richard Harrah,1785,1e+07,1,0.0001785
Richard Kelly,4080099.75,13625000,4,0.299456862385321
Richard LaGravenese,30133475.3333333,25500000,3,1.18170491503268
Richard Linklater,16578176.5454545,13155555.5555556,11,1.26016544686731
Richard Loncraine,13677537.75,2.8e+07,4,0.488483491071429
Richard Shepard,4774594.66666667,2e+07,3,0.238729733333333
Rick de Oliveira,3713002,8e+06,1,0.46412525
Rick Famuyiwa,23804835.5,1.1e+07,2,2.16407595454545
Rick Rosenthal,30259652,1.5e+07,1,2.01731013333333
"Ricky Gervais,Matthew Robinson",18439082,18500000,2,0.996707135135135
Ridley Scott,79772187.9166667,100090909.090909,12,0.796997336133819
Ritesh Batra,4231500,1e+06,1,4.2315
Rob Bowman,33734255,51500000,2,0.655034077669903
Rob Cohen,73693366,63142857.1428571,7,1.16708950678733
"Rob Epstein,Jeffrey Friedman",486059,1e+07,2,0.0486059
Rob Letterman,42776259,1.12e+08,1,0.381930883928571
"Rob Letterman,Conrad Vernon",198332128,1.75e+08,1,1.13332644571429
Rob Marshall,123286001.2,1.02e+08,5,1.20868628627451
Rob McKittrick,16101109,3e+06,1,5.36703633333333
Rob Minkoff,55420228.2,8.3e+07,5,0.667713592771084
Rob Pritts,23978402,1.1e+07,1,2.17985472727273
Rob Reiner,43227553,41600000,6,1.03912387019231
Rob Schmidt,29784,2e+06,1,0.014892
Rob Thomas,3319109,6e+06,1,0.553184833333333
Rob VanAlkemade,196990,2e+06,1,0.098495
Rob Zombie,45826694.5,1.5e+07,2,3.05511296666667
Robby Henson,844252,2433333.33333333,3,0.346952876712329
Robert Altman,9491835,1.3e+07,4,0.730141153846154
Robert Ben Garant,26609120,1e+07,2,2.660912
Robert Benton,4755776.33333333,3e+07,3,0.158525877777778
Robert De Niro,59901040,9e+07,1,0.665567111111111
Robert Iscove,12774769,12666666.6666667,3,1.00853439473684
Robert Luketic,60661932.1666667,51166666.6666667,6,1.18557522149837
Robert Moresco,53481,8e+06,1,0.006685125
Robert Redford,16941913,47500000,3,0.356671852631579
Robert Rodriguez,58970986.125,34625000,9,1.7031331732852
"Robert Rodriguez,Eli Roth",25031037,5.3e+07,1,0.472283716981132
Robert Schwentke,73484919,6.8e+07,5,1.08066057352941
Robert Stromberg,241407328,1.8e+08,1,1.34115182222222
Robert Vince,1246237,6750000,7,0.184627703703704
Robert Zemeckis,93959411.2,129200000,5,0.727240024767802
Roberts Gannaway,59157732,5e+07,1,1.18315464
Rod Hardy,46474,4e+06,1,0.0116185
Rod Lurie,9796205,26125000,4,0.374974354066986
Rodrigo Cortés,1028658,3e+06,2,0.342886
Rodrigo García,830410.333333333,11550000,4,0.0718969985569985
"Roger Allers,Gaëtan Brizzi",335030,1.2e+07,1,0.0279191666666667
"Roger Allers,Jill Culton",84303558,8.5e+07,1,0.991806564705882
Roger Avary,6525762,4e+06,2,1.6314405
Roger Christian,21471685,4.4e+07,1,0.487992840909091
Roger Donaldson,20734692.25,1.9e+07,4,1.09129959210526
Roger Kumble,30053013,3.9e+07,5,0.770590076923077
Roger Michell,30993544,4e+07,2,0.7748386
Roger Spottiswoode,17785725,6.1e+07,2,0.291569262295082
Roland Emmerich,126811352,1.38e+08,5,0.91892284057971
Roland Joffé,1847596,26500000,2,0.0697206037735849
Roman Polanski,18653746,3.8e+07,1,0.490888052631579
"Ron Clements,John Musker",71247330.5,122500000,2,0.58161086122449
Ron Fricke,2601847,4e+06,2,0.65046175
Ron Howard,64320080.6666667,7.1e+07,9,0.905916629107982
Ron Krauss,1359563,5600000,2,0.242779107142857
Ron Maxwell,12870569,5.6e+07,1,0.229831589285714
Ron Satlof,6103,1600000,1,0.003814375
Ron Shelton,16044174,3.5e+07,3,0.458404971428571
Ron Underwood,7258191.5,1e+08,2,0.072581915
Rosser Goodman,16747,55000,2,0.304490909090909
Ruben Fleischer,60793502,41800000,2,1.45439
Rupert Sanders,155111815,1.7e+08,1,0.912422441176471
Rupert Wainwright,29511112,1.8e+07,1,1.63950622222222
Rupert Wyatt,105185935.5,5.9e+07,2,1.78281246610169
Russell Holt,3347439,7500000,1,0.4463252
Russell Mulcahy,50648679,3e+07,3,1.6882893
Ryan Coogler,16097842,9e+05,1,17.8864911111111
Ryan Fleck,2694973,7e+05,1,3.84996142857143
Ryan Gosling,43282,2e+06,1,0.021641
Ryan Little,970459.5,780000,4,1.24417884615385
Ryan Murphy,43664454,3.6e+07,2,1.2129015
Ryan Shiraki,10462,1.2e+07,2,0.000871833333333333
RZA,15608545,1.5e+07,1,1.04056966666667
S.R. Bindler,36497,6e+06,1,0.00608283333333333
Salim Akil,30846431.5,11800000,2,2.61410436440678
Salvador Litvak,428432,7e+05,2,0.612045714285714
"Sam Fell,Robert Stevenhagen",50818750,6e+07,2,0.846979166666667
Sam Mendes,103760444.285714,97428571.4285714,7,1.0649898973607
Sam Miller,52543632,13200000,1,3.98057818181818
Sam Raimi,233761617.666667,1.42e+08,6,1.64620857511737
Sam Weisman,27414902,3.1e+07,2,0.884351677419355
Samuel Bayer,63059655,3.5e+07,1,1.80170442857143
Sara Sugarman,29302097,1.5e+07,1,1.95347313333333
"Sarah Smith,Barry Cook",46440491,1e+08,1,0.46440491
Scott Cooper,25394637,14500000,4,1.75135427586207
Scott Derrickson,58254186.75,33250000,4,1.75200561654135
Scott Frank,15282611.5,2.2e+07,2,0.694664159090909
Scott Hicks,31936672,2.8e+07,4,1.14059542857143
Scott Marshall,5561,1e+07,1,0.0005561
"Scott McGehee,David Siegel",4111412.57142857,5800000,7,0.708864236453202
Scott Sanders,228477,2900000,1,0.0787851724137931
Scott Speer,35057332,3.3e+07,1,1.06234339393939
Scott Stewart,28905545.3333333,29833333.3333333,3,0.968900960893855
Scott Waugh,43568507,6.6e+07,1,0.660128893939394
Sean Anders,33247582.3333333,43666666.6666667,3,0.761395015267174
"Sean Baker,Shih-Ching Tsou",66892,3000,1,22.2973333333333
Sean McNamara,21423646,1.2e+07,5,1.78530383333333
Sean Penn,19036192,3e+07,2,0.634539733333333
Seth Gordon,79446539.3333333,57500000,3,1.38167894492754
Seth Grossman,21298,3e+06,2,0.00709933333333333
Seth Kearsley,23443124,3.4e+07,1,0.689503647058823
Seth MacFarlane,130622182.5,4.5e+07,2,2.90271516666667
Shana Feste,15986867.25,1.4e+07,4,1.14191908928571
Shane Acker,31743332,3e+07,1,1.05811106666667
Shane Black,206614054.5,107500000,2,1.92199120465116
Shane Carruth,421529,21333.3333333333,3,19.759171875
Shane Salerno,575775,2e+06,1,0.2878875
"Shari Springer Berman,Robert Pulcini",6842668.2,11333333.3333333,5,0.603764841176472
Shawn Christensen,2676,50000,2,0.05352
Shawn Levy,121163907.363636,78436363.6363636,11,1.54474151715345
Shekhar Kapur,18306166,3.5e+07,1,0.523033314285714
Sidney Lumet,5112939.66666667,16333333.3333333,3,0.31303712244898
Simon Hunter,4724,2.5e+07,1,0.00018896
Simon Wells,39032067,1.15e+08,2,0.33940927826087
Simon West,58663702.2,5.1e+07,7,1.15026867058824
Simon Wincer,16170754,21150000,2,0.764574657210402
Sofia Coppola,12460971.3333333,1.2e+07,7,1.03841427777777
Spencer Susser,382946,7e+06,1,0.0547065714285714
Spike Jonze,41674703.3333333,47333333.3333333,3,0.880451478873239
Spike Lee,16431278.5714286,24600000,8,0.667938153310106
Stefan Ruzowitzky,65804,1.2e+07,1,0.00548366666666667
Stefen Fangmeier,75030163,1e+08,1,0.75030163
Stephen Carpenter,3100650,1.4e+07,1,0.221475
Stephen Chbosky,17738570,1.3e+07,1,1.36450538461538
Stephen Daldry,35871843,32333333.3333333,3,1.10943844329897
Stephen Elliott,2760,2500000,1,0.001104
Stephen Frears,18864358.5,19175000,2,0.983799661016949
Stephen Gaghan,30767327.5,37500000,2,0.820462066666667
Stephen Herek,16852912.6666667,2.9e+07,6,0.581134919540231
"Stephen Hillenburg,Mark Osborne",85416609,3e+07,1,2.8472203
Stephen Hopkins,16831229,3.5e+07,3,0.480892257142857
"Stephen J. Anderson,Don Hall",26687172,3e+07,1,0.8895724
Stephen Kay,30665150,3e+07,2,1.02217166666667
Stephen Milburn Anderson,46451,7e+06,2,0.00663585714285714
Stephen Norrington,66462600,7.8e+07,1,0.852084615384615
Stephen Sommers,150167630,1.75e+08,1,0.858100742857143
Steve 'Spaz' Williams,37371315,8e+07,1,0.4671414375
Steve Antin,39440655,5.5e+07,3,0.717102818181818
Steve Beck,30079316,3.5e+07,1,0.859409028571429
Steve Buscemi,236958.6,5e+05,5,0.4739172
Steve Carr,60871785,47775000,5,1.27413469387755
Steve Conrad,406252,8e+06,1,0.0507815
"Steve Hickner,Simon J. Smith",126597121,1.5e+08,1,0.843980806666667
Steve James,546086,153875,2,3.54889358245329
"Steve Martino,Mike Thurmeier",161317423,9.5e+07,2,1.69807813684211
Steve McQueen,56667870,2e+07,2,2.8333935
Steve Oedekerk,16033556,1e+07,1,1.6033556
Steve Pink,45050529.3333333,23833333.3333333,3,1.890232
Steve Rash,1830475,10125000,6,0.180787654320988
Steve Shill,68261644,2e+07,1,3.4130822
Steve Stockman,45816,2400000,2,0.01909
Steve Taylor,594904,1200000,1,0.495753333333333
Steven Bernstein,39850,2e+06,1,0.019925
Steven Brill,51339203.4,47250000,5,1.08654398730159
Steven C. Miller,9672,50000,4,0.19344
Steven Knight,698189.5,2e+07,2,0.034909475
Steven Quale,42575718,4e+07,1,1.06439295
Steven Shainberg,2133825.5,10400000,2,0.205175528846154
Steven Soderbergh,57894136.5384615,40335714.2857143,14,1.4353070861315
Steven Spielberg,130708771.545455,94272727.2727273,11,1.38649613018323
Steven Zaillian,7221458,5.5e+07,1,0.131299236363636
Stewart Hendler,11956207,13333333.3333333,3,0.896715525000002
"Stig Bergqvist,Paul Demeyer",76501438,3e+07,1,2.55004793333333
Stuart Baird,43119879,6e+07,1,0.71866465
Stuart Beattie,19059018,6.5e+07,1,0.293215661538462
Stuart Gordon,99384.5,7500000,2,0.0132512666666667
Stuart Townsend,223537,8e+06,1,0.027942125
Susan Stroman,19377727,4.5e+07,1,0.430616155555556
Susanne Bier,1512723.5,2.3e+07,2,0.0657705869565217
Sydney Pollack,72515360,8e+07,1,0.906442
Sylvain White,42442088,19500000,3,2.17651733333333
Sylvester Stallone,71991714.6666667,51333333.3333333,3,1.402436
Takashi Shimizu,74659855,1.5e+07,2,4.97732366666667
Tarsem Singh,52999535.5,64333333.3333333,4,0.823826976683938
Tate Taylor,123308371.333333,26666666.6666667,3,4.62406392499998
Taylor Hackford,16781272.3333333,41666666.6666667,3,0.402750535999999
Ted Demme,52937130,3e+07,1,1.764571
Ted Koland,1842,1500000,1,0.001228
Tennyson Bardwell,38846,185000,2,0.209978378378378
Terrence Malick,8867235,3.1e+07,3,0.286039838709677
Terry George,101440,1.1e+07,1,0.00922181818181818
Terry Gilliam,19059538,48250000,2,0.395016331606218
Terry Zwigoff,31677277.5,1.8e+07,2,1.75984875
Thomas Bezucha,9914952.66666667,18500000,3,0.535943387387388
Thomas Carter,62806443.6666667,19333333.3333333,3,3.24860915517242
Thor Freudenthal,68527744.6666667,46666666.6666667,3,1.46845167142857
Ti West,62399.6666666667,5130000,5,0.0121636777128005
Tim Blake Nelson,5530951.66666667,6333333.33333333,3,0.873308157894738
Tim Burton,113572793.222222,85444444.4444444,9,1.32920044083225
"Tim Burton,Mike Johnson",53337608,4e+07,1,1.3334402
Tim Chambers,1889522,7e+06,1,0.269931714285714
Tim Hill,87680975.6666667,3.6e+07,3,2.43558265740741
"Tim Johnson,Karey Kirkpatrick",155019340,8e+07,1,1.93774175
Tim McCanlies,41407470,3e+07,2,1.380249
Tim Story,93193257.6666667,54833333.3333333,6,1.6995730881459
Timothy Hines,14616,1.2e+07,1,0.001218
Timur Bekmambetov,86042429,7.2e+07,2,1.19503373611111
Todd Field,25765560.6666667,9800000,3,2.62913884353742
Todd Graff,12584554.6666667,22500000,3,0.559313540740742
Todd Haynes,9928054.5,16750000,2,0.592719671641791
Todd Lincoln,4930798,1.7e+07,2,0.290046941176471
Todd Louiso,147769,1e+06,2,0.147769
Todd Phillips,121554572.555556,51955555.5555556,9,2.33958758126605
Todd Solondz,600150,2e+06,7,0.300075
Todd Stephens,379076,5e+05,2,0.758152
Todd Strauss-Schulson,35033759,1.9e+07,1,1.84388205263158
Tom Brady,19812422.8,1e+07,5,1.98124228
Tom Dey,53416799.3333333,61666666.6666667,3,0.866218367567567
Tom DiCillo,162304,5e+06,2,0.0324608
Tom Ford,9166863,7e+06,1,1.30955185714286
Tom Gormican,26049082,8e+06,1,3.25613525
Tom Hanks,35565975,3e+07,1,1.1855325
Tom Hooper,148775460,6.1e+07,2,2.43894196721311
Tom Kalin,434417,4600000,2,0.0944384782608696
Tom McCarthy,8194740,5e+05,3,16.38948
Tom McGrath,148337537,1.3e+08,2,1.14105797692308
Tom Putnam,27696,9e+06,1,0.00307733333333333
Tom Shadyac,171439635,1.28e+08,2,1.3393721484375
"Tom Tykwer,Lana Wachowski",27098580,1.02e+08,1,0.265672352941176
Tom Vaughan,46065803,3.3e+07,4,1.39593342424242
Tommy Lee Jones,4158477.66666667,15333333.3333333,3,0.271205065217392
Tommy O'Haver,17236968,19666666.6666667,3,0.876455999999998
Tommy Wirkola,55682070,5e+07,1,1.1136414
Tony Bill,13082288,6e+07,1,0.218038133333333
Tony Gilroy,67583511.3333333,7e+07,3,0.965478733333333
Tony Goldwyn,13125108.5,1.7e+07,4,0.772065205882353
Tony Scott,51872301.4285714,80285714.2857143,7,0.64609628113879
Trent Cooper,15655665,4e+06,2,3.91391625
Trey Parker,32774834,3e+07,1,1.09249446666667
Trish Sie,14897580,4.5e+07,1,0.331057333333333
Troy Duffy,10269307,8e+06,1,1.283663375
Troy Miller,26096584,1.9e+07,1,1.37350442105263
Tuck Tucker,13684949,3e+06,1,4.56164966666667
Tyler Perry,49178923.0769231,14625000,13,3.3626614069691
Udayan Prasad,317040,15500000,1,0.0204541935483871
Uli Edel,13555988,2.2e+07,1,0.616181272727273
Uwe Boll,6920319.4,22833526.2792313,8,0.303077120693991
Vadim Perelman,6654462,11500000,2,0.578648869565217
Vic Armstrong,13998282,1.6e+07,1,0.874892625
Vicky Jenson,6373693,1.5e+07,1,0.424912866666667
Victor Salva,1055654,1e+07,4,0.1055654
Vincent Gallo,365734,1e+07,1,0.0365734
Vincenzo Natali,16999046,2.6e+07,2,0.653809461538462
Vlad Yudin,849521,5e+06,2,0.1699042
Vondie Curtis-Hall,12795783,2.2e+07,2,0.5816265
Wallace Wolodarsky,10198766,1.2e+07,1,0.849897166666667
Wally Pfister,23014504,1e+08,1,0.23014504
Walt Becker,79564320.3333333,20500000,4,3.88118635772358
Walter Hill,10455423.3333333,43333333.3333333,3,0.241278999999999
Walter Salles,17221229,28333333.3333333,3,0.607808082352942
Wayne Beach,1181197,15500000,1,0.0762062580645161
Wayne Kramer,5184388.66666667,13066666.6666667,3,0.396764438775509
Wayne Wang,23735030.4285714,3.8e+07,8,0.624606063909774
Werner Herzog,2303322.4,8500000,7,0.270979105882353
Wes Anderson,35639445.1666667,28250000,6,1.26157328023599
Wes Ball,102413606,3.4e+07,1,3.01216488235294
Wes Craven,43821292.8,33200000,5,1.31991845783133
Wil Shriner,8080116,1.5e+07,1,0.5386744
"Will Finn,Daniel St. Pierre",8460990,7e+07,1,0.120871285714286
"Will Finn,John Sanford",50026353,1.1e+08,1,0.454785027272727
Will Gluck,60651606.6,38600000,5,1.57128514507772
William Brent Bell,38161674.5,5e+06,2,7.6323349
William Dear,1089445,12500000,3,0.0871556
William Friedkin,21308740.2,28200000,5,0.755629085106383
William H. Macy,37440,5e+06,1,0.007488
William Malone,13208023,4.2e+07,2,0.314476738095238
Wolfgang Petersen,96941925.5,167500000,2,0.578757764179105
Woody Allen,16182146.4705882,17164285.7142857,17,0.942780069031356
Wych Kaosayananda,14294842,7e+07,1,0.204212028571429
Xavier Gens,13243842.6666667,1e+07,3,1.32438426666667
Zach Braff,15185077.5,4250000,2,3.57295941176471
"Zach Cregger,Trevor Moore",4542775,6e+06,1,0.757129166666667
Zach Helm,32059442,6.5e+07,1,0.493222184615385
Zack Snyder,140234504,116400000,5,1.20476378006873
Zak Penn,114669,5400000,3,0.021235
Zoe R. Cassavetes,955625,2e+06,1,0.4778125
NA,24937512.7080745,11538017.3955079,1695,2.16133429628763
